idVenta,fechaVenta,idCliente,producto,cantidad,precioUnitario,estado
1,2026-09-01 08:15:00,C001,Producto A,2,15.50,APROBADA
2,2026-09-01 09:30:00,C002,Producto B,1,45.00,PENDIENTE
3,2026-09-02 11:00:00,C003,Producto C,3,12.00,CANCELADA
4,2026-09-02 12:20:00,C004,Producto D,5,7.99,APROBADA
5,2026-09-03 14:10:00,C005,Producto E,10,2.50,APROBADA
6,2026-09-03 15:45:00,C006,Producto F,1,199.99,RECHAZADA
7,2026-09-04 10:00:00,C001,Producto G,4,9.99,APROBADA
8,2026-09-05 13:30:00,C002,Producto H,2,29.95,APROBADA
9,2026-09-06 16:00:00,C003,Producto I,6,5.00,APROBADA
10,2026-09-07 18:20:00,C007,Producto J,1,49.99,PENDIENTE
11,2026-09-08 09:00:00,C008,Producto K,2,24.50,APROBADA
12,2026-09-08 11:15:00,C004,Producto L,3,15.00,APROBADA
13,2026-09-09 12:00:00,C005,Producto M,8,3.75,APROBADA
14,2026-09-10 14:30:00,C006,Producto N,1,59.99,CANCELADA
15,2026-09-11 09:45:00,C001,Producto O,7,6.50,APROBADA
16,2026-09-12 10:10:00,C002,Producto P,2,120.00,PENDIENTE
17,2026-09-13 11:50:00,C003,Producto Q,5,8.25,APROBADA
18,2026-09-14 12:40:00,C001,Producto R,0,14.00,APROBADA
19,2026-09-15 13:20:00,C002,Producto S,2,0.00,RECHAZADA
20,2026-09-16 14:00:00,C004,Producto T,9,4.75,APROBADA
21,2026-09-17 15:30:00,C005,Producto U,1,350.00,RECHAZADA
22,2026-09-18 16:45:00,C006,Producto V,3,13.99,APROBADA
23,2026-09-19 08:25:00,C001,Producto W,2,75.00,PENDIENTE
24,2026-09-20 09:55:00,C002,Producto X,4,11.25,APROBADA
25,2026-09-21 10:30:00,C003,Producto Y,6,2.99,APROBADA
26,2026-09-22 11:10:00,C010,Producto Z,1,9.99,PENDIENTE
27,2026-09-23 12:00:00,C011,Producto AA,2,49.50,APROBADA
28,2026-09-24 13:40:00,C004,Producto AB,3,19.99,RECHAZADA
29,2026-09-25 14:20:00,C005,Producto AC,5,6.00,RECHAZADA
30,2026-09-26 15:00:00,C006,Producto AD,2,89.90,APROBADA
